6395346944,2194116608,6395346944,0,2013265920,0.0,17400152064,36284837888,32.4,24429,7222,1106014720,130020864,35,16,737645,870683,0,8742527,26.6
6355881984,2233581568,6355881984,0,2013265920,0.0,17400020992,36284968960,32.4,25355,7911,1122438144,136202752,36,16,887339,1075570,0,9745277,6.4
6374273024,2215190528,6374273024,0,2013265920,0.0,17402195968,36282793984,32.4,25427,8434,1123825152,142508544,36,16,949818,1231210,0,10130924,1.9
6089728000,2499735552,6089728000,0,2013265920,0.0,17409093632,36275896320,32.4,26119,9289,1155322880,166536192,37,17,1091795,1532640,0,10727901,12.4
6108860416,2480603136,6108860416,0,2013265920,0.0,17410756608,36274233344,32.4,28609,9765,1255378944,173326848,40,18,1202966,1926677,0,11192261,10.9
5860835328,2728628224,5860835328,0,2013265920,0.0,17506144256,36178845696,32.6,31232,13226,1374959104,331985920,43,21,1434680,2353661,0,14327274,22.4
5914779648,2674683904,5914779648,0,2013265920,0.0,17510875136,36174114816,32.6,32365,17267,1756734464,962302464,46,25,1665254,2602474,0,16464673,23.9
6224986112,2364477440,6224986112,0,2013265920,0.0,17503002624,36181987328,32.6,32832,18411,1769614848,980752384,46,25,1792304,2792614,0,17346826,6.6
6274560000,2314903552,6274560000,0,2013265920,0.0,17500733440,36184256512,32.6,32859,18855,1769868800,988419584,46,26,1849471,2947405,0,17687980,1.1
6195785728,2393677824,6195785728,0,2013265920,0.0,17507942400,36177047552,32.6,32864,19318,1769955328,996004864,46,26,1902032,3103491,0,17982726,3.2
6145007616,2444455936,6145007616,0,2013265920,0.0,17508241408,36176748544,32.6,32867,19617,1769995776,999246336,46,26,1973624,3265667,0,18408175,2.3
6138277888,2451185664,6138277888,0,2013265920,0.0,17508855808,36176134144,32.6,32867,19863,1769995776,1001481728,46,26,2031974,3426837,0,18676489,1.4
5960962048,2628501504,5960962048,0,2013265920,0.0,17512480768,36172509184,32.6,32936,20172,1782030848,1007928832,46,26,2143822,3617935,0,19210702,12.3
5922562048,2666901504,5922562048,0,2013265920,0.0,17513000960,36171988992,32.6,32966,20491,1782903808,1013275136,46,26,2261496,3798391,0,19799235,33.2
5923323904,2666139648,5923323904,0,2013265920,0.0,17512976384,36172013568,32.6,32970,20912,1782936576,1017351680,46,27,2414573,3988945,0,20446048,33.3
5944147968,2645315584,5944147968,0,2013265920,0.0,17513156608,36171833344,32.6,32971,21113,1782969344,1019085824,46,27,2475121,4143910,0,20668734,21.6
5725073408,2864390144,5725073408,0,2013265920,0.0,17514659840,36170330112,32.6,33448,21731,1822798336,1027257344,47,27,2614935,4391813,0,21520475,22.0
5720223744,2869239808,5720223744,0,2013265920,0.0,17515028480,36169961472,32.6,33453,22026,1822937600,1029512192,47,27,2705154,4552280,0,21809990,32.3
5637324800,2952138752,5637324800,0,2013265920,0.0,17538793472,36146196480,32.7,33453,22570,1822937600,1042813440,47,28,2828103,4743737,0,22251138,36.3
5698527232,2890936320,5698527232,0,2013265920,0.0,17538990080,36145999872,32.7,33455,22772,1822953984,1046650880,47,28,2941650,4909933,0,22679221,28.8
5484576768,3104886784,5484576768,0,2013265920,0.0,17539620864,36145369088,32.7,33456,23011,1822986752,1048839168,47,28,3066500,5115073,0,23184261,24.6
6474444800,2115018752,6474444800,0,2013265920,0.0,17512386560,36172603392,32.6,33457,23471,1822993920,1055394304,47,28,3179577,5343224,0,23693498,19.8
5946814464,2642649088,5946814464,0,2013265920,0.0,17525903360,36159086592,32.6,33503,24647,1825372160,1076540416,47,29,3295802,5557562,0,24338097,8.6
5957128192,2632335360,5957128192,0,2013265920,0.0,17533923328,36151066624,32.7,33504,25177,1825425408,1095220736,47,30,3407017,5941464,0,24802417,7.4
5931061248,2658402304,5931061248,0,2013265920,0.0,17534697472,36150292480,32.7,33504,25489,1825425408,1097905152,47,30,3515226,6212298,0,25272398,5.4
5964599296,2624864256,5964599296,0,2013265920,0.0,17539612672,36145377280,32.7,33504,25683,1825425408,1103272448,47,30,3596195,6383282,0,25657463,1.8
5999390720,2590072832,5999390720,0,2013265920,0.0,17539690496,36145299456,32.7,33516,25922,1825658368,1105494528,47,30,3704851,6569465,0,26234284,2.4
5821751296,2767712256,5821751296,0,2013265920,0.0,17540812800,36144177152,32.7,33517,26344,1825691136,1109891072,47,30,3792390,6877039,0,26552774,6.8
5776093184,2813370368,5776093184,0,2013265920,0.0,17541124096,36143865856,32.7,33532,26666,1826013184,1112667648,47,30,3849567,7064877,0,26812329,2.4
5809369088,2780094464,5809369088,0,2013265920,0.0,17554731008,36130258944,32.7,33579,26908,1826628608,1118337024,47,31,3951265,7241905,0,27375977,2.5
5794422784,2795040768,5794422784,0,2013265920,0.0,17555091456,36129898496,32.7,33583,27105,1826661376,1120052736,47,31,4060756,7416826,0,27932816,2.4
5630615552,2958848000,5630615552,0,2013265920,0.0,17555513344,36129476608,32.7,33585,27454,1826714624,1124366336,47,31,4272843,7844979,0,28630257,19.2
5631635456,2957828096,5631635456,0,2013265920,0.0,17556004864,36128985088,32.7,33591,27706,1826767360,1127350272,47,31,4526910,8302258,0,29473768,17.4
5639786496,2949677056,5639786496,0,2013265920,0.0,17552158720,36132831232,32.7,33599,27925,1826990592,1129288192,47,31,4739173,8706675,0,30251600,14.0
5709594624,2879868928,5709594624,0,2013265920,0.0,17552482304,36132507648,32.7,33603,28073,1827119104,1133458432,47,31,4928884,9142860,0,30798516,14.6
5709496320,2879967232,5709496320,0,2013265920,0.0,17552744448,36132245504,32.7,33605,28271,1827135488,1135207936,47,31,5136178,9585463,0,31395690,15.8
5711659008,2877804544,5711659008,0,2013265920,0.0,17552982016,36132007936,32.7,33606,28459,1827164672,1137259008,47,31,5323762,10001212,0,32007096,13.9
5653823488,2935640064,5653823488,0,2013265920,0.0,17554075648,36130914304,32.7,33608,28675,1827181056,1139529216,47,32,5531269,10424593,0,32732105,15.1
6241320960,2348142592,6241320960,0,2013265920,0.0,17527279616,36157710336,32.6,33620,29497,1827536384,1150337536,47,32,5660027,10651747,0,33487398,7.8
6264975360,2324488192,6264975360,0,2013265920,0.0,17532026880,36152963072,32.7,33620,29737,1827536384,1155385344,47,32,5719190,10806425,0,33818021,1.4
6265466880,2323996672,6265466880,0,2013265920,0.0,17532157952,36152832000,32.7,33620,29820,1827536384,1156364288,47,32,5771150,10955728,0,34141007,1.2
6270132224,2319331328,6270132224,0,2013265920,0.0,17532497920,36152492032,32.7,33620,29923,1827536384,1158198784,47,32,5842831,11116574,0,34568458,2.0
6263328768,2326134784,6263328768,0,2013265920,0.0,17532760064,36152229888,32.7,33620,29981,1827536384,1159047168,47,32,5911215,11276162,0,34972076,1.5
6159216640,2430246912,6159216640,0,2013265920,0.0,17533747200,36151242752,32.7,33621,30483,1827542528,1164627968,47,33,5969302,11436473,0,35307714,2.3
6130741248,2458722304,6130741248,0,2013265920,0.0,17533632512,36151357440,32.7,33621,30613,1827542528,1166116352,47,33,6037609,11597250,0,35661505,1.5
5991346176,2598117376,5991346176,0,2013265920,0.0,17535393792,36149596160,32.7,33622,30957,1827575296,1170091008,47,33,6157732,11902243,0,36098267,14.8
5957095424,2632368128,5957095424,0,2013265920,0.0,17535848448,36149141504,32.7,33623,31184,1827591680,1172278784,47,33,6288729,12290636,0,36556496,20.4
5812756480,2776707072,5812756480,0,2013265920,0.0,17537384448,36147605504,32.7,33625,31503,1827657216,1176133632,47,33,6431034,12670814,0,36965105,23.1
5833793536,2755670016,5833793536,0,2013265920,0.0,17537556480,36147433472,32.7,33625,31685,1827657216,1177928704,47,34,6574337,13061216,0,37405835,20.9
5850886144,2738577408,5850886144,0,2013265920,0.0,17544912896,36140077056,32.7,33625,31920,1827657216,1180206592,47,34,6756249,13472076,0,37843936,16.7
5835104256,2754359296,5835104256,0,2013265920,0.0,17545318400,36139671552,32.7,33625,32092,1827657216,1183704064,47,34,6948808,13861401,0,38466504,14.0
5851959296,2737504256,5851959296,0,2013265920,0.0,17545097216,36139892736,32.7,33627,32282,1827673600,1186122240,47,34,7121382,14275246,0,38938072,14.6
5849870336,2739593216,5849870336,0,2013265920,0.0,17545564160,36139425792,32.7,33627,32427,1827673600,1187673600,47,34,7276272,14685820,0,39267769,14.3
5859352576,2730110976,5859352576,0,2013265920,0.0,17545928704,36139061248,32.7,33627,32523,1827673600,1188749312,47,34,7468548,15069413,0,39940931,14.0
5868785664,2720677888,5868785664,0,2013265920,0.0,17546125312,36138864640,32.7,33627,32615,1827673600,1190024192,47,34,7648784,15486036,0,40339288,15.8
5843206144,2746257408,5843206144,0,2013265920,0.0,17546604544,36138385408,32.7,33629,32809,1827689984,1191828480,47,34,7851345,15906733,0,41035902,17.5
5874987008,2714476544,5874987008,0,2013265920,0.0,17546735616,36138254336,32.7,33629,32925,1827689984,1193157120,47,34,8038280,16326408,0,41528299,15.2
5871489024,2717974528,5871489024,0,2013265920,0.0,17547161600,36137828352,32.7,33631,33034,1827706368,1194488320,47,34,8234098,16719824,0,42234330,14.7
5863833600,2725629952,5863833600,0,2013265920,0.0,17544450048,36140539904,32.7,33669,33902,1828496896,1199897088,47,35,8456430,17149244,0,43016259,16.9
5850128384,2739335168,5850128384,0,2013265920,0.0,17544699904,36140290048,32.7,33669,34153,1828496896,1201936896,47,35,8642534,17547570,0,43621469,15.6
5633908736,2955554816,5633908736,0,2013265920,0.0,17547612160,36137377792,32.7,33708,34957,1829516800,1212737536,47,35,8822458,17967994,0,44129561,16.5
5652840448,2936623104,5652840448,0,2013265920,0.0,17559207936,36125782016,32.7,33710,35439,1829533184,1221495296,47,36,8943785,18378883,0,44584968,9.1
5671960576,2917502976,5671960576,0,2013265920,0.0,17559339008,36125650944,32.7,33710,35657,1829533184,1223545344,47,36,9048465,18782770,0,44869550,7.4
6152867840,2436595712,6152867840,0,2013265920,0.0,17533440000,36151549952,32.7,33713,36706,1829631488,1235820544,47,37,9192470,19006965,0,45736010,7.8
6152450048,2437013504,6152450048,0,2013265920,0.0,17543221248,36141768704,32.7,33715,37101,1829647872,1242189312,47,37,9265188,19168385,0,46192438,1.6
5968281600,2621181952,5968281600,0,2013265920,0.0,17545285632,36139704320,32.7,33715,37451,1829647872,1247086080,47,37,9364682,19359681,0,46610250,16.5
5913358336,2676105216,5913358336,0,2013265920,0.0,17546518528,36138471424,32.7,33717,37922,1829664256,1253040128,47,38,9524127,19551969,0,47358465,30.1
5783760896,2805702656,5783760896,0,2013265920,0.0,17547472896,36137517056,32.7,33719,38314,1829705216,1256669184,47,38,9616427,19887139,0,47701681,12.4
5776027648,2813435904,5776027648,0,2013265920,0.0,17557274624,36127715328,32.7,33719,38533,1829705216,1260655616,47,38,9707324,20216845,0,48178513,7.2
5796102144,2793361408,5796102144,0,2013265920,0.0,17557123072,36127866880,32.7,33719,38734,1829705216,1264646656,47,38,9766972,20558032,0,48543352,5.6
6132547584,2456915968,6132547584,0,2013265920,0.0,17535766528,36149223424,32.7,33725,39606,1829848576,1275789824,47,39,9906537,20753117,0,49471153,6.8
6171021312,2418442240,6171021312,0,2013265920,0.0,17543208960,36141780992,32.7,33725,39891,1829848576,1280457216,47,39,9961543,20906639,0,49735302,1.4
5932400640,2657062912,5932400640,0,2013265920,0.0,17543495680,36141494272,32.7,33725,39987,1829848576,1281734656,47,39,10032314,21064914,0,50158897,3.2
5915574272,2673889280,5915574272,0,2013265920,0.0,17545338880,36139651072,32.7,33727,40545,1829885440,1288817152,47,40,10144135,21403536,0,50701313,6.2
6067589120,2521874432,6067589120,0,2013265920,0.0,17536704512,36148285440,32.7,33731,41295,1829967360,1296506368,47,40,10300541,21721213,0,51679072,9.3
5756706816,2832756736,5756706816,0,2013265920,0.0,17536770048,36148219904,32.7,33755,42097,1830458880,1310010880,48,41,10404568,21924124,0,52185207,6.8
5812015104,2777448448,5812015104,0,2013265920,0.0,17548267520,36136722432,32.7,33756,42534,1830462976,1319331840,48,41,10508341,22304917,0,52606783,8.2
5530525696,3058937856,5530525696,0,2013265920,0.0,17546907648,36138082304,32.7,33775,42899,1830934016,1325238784,48,41,10639223,22603561,0,53108391,11.0
5684056064,2905407488,5684056064,0,2013265920,0.0,17548050432,36136939520,32.7,33775,43370,1830934016,1331783168,48,42,10735724,22938116,0,53439769,9.0
5657710592,2931752960,5657710592,0,2013265920,0.0,17551474688,36133515264,32.7,33777,43676,1830950400,1338481152,48,42,10846304,23239232,0,53973141,7.8
6151983104,2437480448,6151983104,0,2013265920,0.0,17536339968,36148649984,32.7,33779,44567,1831011840,1350648832,48,42,10985844,23432135,0,54910349,6.7
6159818752,2429644800,6159818752,0,2013265920,0.0,17539485696,36145504256,32.7,33779,44776,1831011840,1352553984,48,42,11059938,23594820,0,55440598,2.3
6184824832,2404638720,6184824832,0,2013265920,0.0,17535680512,36149309440,32.7,33779,44976,1831011840,1356680704,48,43,11128240,23751238,0,55841733,1.8
6190256128,2399207424,6190256128,0,2013265920,0.0,17535983616,36149006336,32.7,33781,45123,1831028224,1358927360,48,43,11217463,23916850,0,56379951,2.2
5884809216,2704654336,5884809216,0,2013265920,0.0,17543917568,36141072384,32.7,33800,45778,1831503360,1372958720,48,43,11480613,24322047,0,57181390,10.3
5872201728,2717261824,5872201728,0,2013265920,0.0,17544343552,36140646400,32.7,33800,45984,1831503360,1375329792,48,43,11732291,24745411,0,57882741,6.4
5877891072,2711572480,5877891072,0,2013265920,0.0,17544830976,36140158976,32.7,33800,46130,1831503360,1377242112,48,44,11968923,25163558,0,58453287,6.0
5853696000,2735767552,5853696000,0,2013265920,0.0,17545105408,36139884544,32.7,33800,46225,1831503360,1378529792,48,44,12226853,25587590,0,59209611,6.7
5855125504,2734338048,5855125504,0,2013265920,0.0,17545236480,36139753472,32.7,33800,46416,1831503360,1381168640,48,44,12481270,26011954,0,59890273,6.9
5849075712,2740387840,5849075712,0,2013265920,0.0,17545400320,36139589632,32.7,33800,46575,1831503360,1383021568,48,44,12710234,26401147,0,60594327,6.3
5740756992,2848706560,5740756992,0,2013265920,0.0,17557458944,36127531008,32.7,33810,47015,1831745024,1389008384,48,44,12872574,26778148,0,61230640,20.9
5588885504,3000578048,5588885504,0,2013265920,0.0,17557565440,36127424512,32.7,33811,47344,1831777792,1395746304,48,44,12999504,27159564,0,61631632,18.0
5621669888,2967793664,5621669888,0,2013265920,0.0,17563824128,36121165824,32.7,33813,47641,1831794176,1398252032,48,45,13139097,27547070,0,62158105,18.1
5606481920,2982981632,5606481920,0,2013265920,0.0,17564196864,36120793088,32.7,33816,47823,1831843328,1402202624,48,45,13304593,27940938,0,62772245,19.2
5626269696,2963193856,5626269696,0,2013265920,0.0,17564487680,36120502272,32.7,33817,48013,1831876096,1404047872,48,45,13455721,28279311,0,63341144,14.1
5433688064,3155775488,5433688064,0,2013265920,0.0,17572466688,36112523264,32.7,33827,48497,1832171008,1414519808,48,45,13696611,28683034,0,64038901,13.0
5460676608,3128786944,5460676608,0,2013265920,0.0,17572798464,36112191488,32.7,33827,48757,1832171008,1417852928,48,45,13921661,29034948,0,64824821,6.5
5278244864,3311218688,5278244864,0,2013265920,0.0,17575907328,36109082624,32.7,33837,49176,1832441344,1426477568,48,46,14091634,29433664,0,65316503,9.9
5178146816,3411316736,5178146816,0,2013265920,0.0,17578180608,36106809344,32.7,33839,49486,1832457728,1433482240,48,46,14231968,29840660,0,65896264,12.8
5037961216,3551502336,5037961216,0,2013265920,0.0,17577209856,36107780096,32.7,33840,50086,1832490496,1441334784,48,47,14411546,30240040,0,66575570,16.3
4914458624,3675004928,4914458624,0,2013265920,0.0,17583325184,36101664768,32.8,33840,50464,1832490496,1450682368,48,47,14556419,30599307,0,67078916,15.5
6081650688,2507812864,6081650688,0,2013265920,0.0,17541304320,36143685632,32.7,33843,51339,1832588800,1461620224,48,48,14700540,30844312,0,67939102,9.1
5784662016,2804801536,5784662016,0,2013265920,0.0,17554485248,36130504704,32.7,33857,52044,1832961536,1477263360,48,48,14884620,31122673,0,68659795,7.9
5810733056,2778730496,5810733056,0,2013265920,0.0,17555206144,36129783808,32.7,33857,52396,1832961536,1485413888,48,48,15150658,31503756,0,69585015,7.4
5822095360,2767368192,5822095360,0,2013265920,0.0,17548742656,36136247296,32.7,33868,53692,1833235968,1507593728,48,50,15355998,31887856,0,70627484,15.3
6054780928,2534682624,6054780928,0,2013265920,0.0,17543147520,36141842432,32.7,33873,54444,1833362944,1516197376,48,50,15500878,32153292,0,71533605,8.8
6103392256,2486071296,6103392256,0,2013265920,0.0,17540784128,36144205824,32.7,33879,54838,1833461248,1520475648,48,50,15544538,32302447,0,71791134,1.2
6101336064,2488127488,6101336064,0,2013265920,0.0,17549467648,36135522304,32.7,33881,55000,1833477632,1524571648,48,50,15631581,32466649,0,72319932,2.4
5831880704,2757582848,5831880704,0,2013265920,0.0,17547137024,36137852928,32.7,33882,55505,1833510400,1531975168,48,51,15743142,32810087,0,72914677,10.4
5866647552,2722816000,5866647552,0,2013265920,0.0,17547354112,36137635840,32.7,33882,55690,1833510400,1533899776,48,51,15823884,33164294,0,73273844,7.3
5874417664,2715045888,5874417664,0,2013265920,0.0,17547489280,36137500672,32.7,33884,55854,1833526784,1535677952,48,51,15896638,33514241,0,73674027,6.4
5739634688,2849828864,5739634688,0,2013265920,0.0,17549234176,36135755776,32.7,33887,56173,1833575936,1539919360,48,52,16009482,33874510,0,74209962,12.4
5747572736,2841890816,5747572736,0,2013265920,0.0,17549824000,36135165952,32.7,33887,56425,1833575936,1542049792,48,52,16164479,34255346,0,74612876,22.9
5754683392,2834780160,5754683392,0,2013265920,0.0,17556705280,36128284672,32.7,33887,56552,1833575936,1544946688,48,52,16311576,34629450,0,74972202,22.2
5758644224,2830819328,5758644224,0,2013265920,0.0,17556885504,36128104448,32.7,33887,56770,1833575936,1549032448,48,52,16415084,34937879,0,75238935,15.6
5636136960,2953326592,5636136960,0,2013265920,0.0,17558323200,36126666752,32.7,33887,57266,1833575936,1554087424,48,52,16531174,35229256,0,75672778,14.7
5654441984,2935021568,5654441984,0,2013265920,0.0,17560432640,36124557312,32.7,33887,57415,1833575936,1557377536,48,52,16656585,35574264,0,76106034,17.5
5735215104,2854248448,5735215104,0,2013265920,0.0,17548951552,36136038400,32.7,33899,58508,1833903616,1573205504,48,53,16885291,35890607,0,77219020,14.7
5740371968,2849091584,5740371968,0,2013265920,0.0,17556070400,36128919552,32.7,34010,58973,1835214848,1583969792,48,54,17221196,36353641,0,78532297,9.7
5961285632,2628177920,5961285632,0,2013265920,0.0,17547399168,36137590784,32.7,34012,60406,1835231232,1598756864,48,55,17346723,36561982,0,79234050,6.9
5977473024,2611990528,5977473024,0,2013265920,0.0,17554866176,36130123776,32.7,34012,60801,1835231232,1604368384,48,55,17427678,36729449,0,79667507,1.9
6040227840,2549235712,6040227840,0,2013265920,0.0,17548738560,36136251392,32.7,34017,61810,1835304960,1615171072,48,56,17583016,36929163,0,80707280,7.1
6067040256,2522423296,6067040256,0,2013265920,0.0,17551446016,36133543936,32.7,34019,62254,1835321344,1618558976,48,56,17650526,37088649,0,81097345,2.1
6053466112,2535997440,6053466112,0,2013265920,0.0,17551495168,36133494784,32.7,34028,62945,1836182016,1641041408,48,56,17730327,37254845,0,82039453,3.5
5833949184,2755514368,5833949184,0,2013265920,0.0,17553199104,36131790848,32.7,34035,63483,1836229120,1647795712,48,57,17824433,37545100,0,82424774,7.2
5541863424,3047600128,5541863424,0,2013265920,0.0,17557053440,36127936512,32.7,34048,63952,1836556800,1653570560,48,57,17952989,37915353,0,83063822,9.2
5483368448,3106095104,5483368448,0,2013265920,0.0,17559134208,36125855744,32.7,34051,64594,1836655104,1664025088,48,58,18186447,38338866,0,83717082,15.1
5518319616,3071143936,5518319616,0,2013265920,0.0,17572630528,36112359424,32.7,34051,64848,1836655104,1669687808,48,58,18348152,38689270,0,84253744,18.8
5286682624,3302780928,5286682624,0,2013265920,0.0,17576366080,36108623872,32.7,34053,65024,1836691968,1674912768,48,58,18522106,39085351,0,84720033,21.8
5414842368,3174621184,5414842368,0,2013265920,0.0,17584156672,36100833280,32.8,34053,65420,1836691968,1680849408,48,58,18640312,39417215,0,85207746,9.3
5982588928,2606874624,5982588928,0,2013265920,0.0,17551921152,36133068800,32.7,34056,66420,1836761600,1689875968,48,59,18823099,39784005,0,86198321,14.0
5806485504,2782978048,5806485504,0,2013265920,0.0,17549373440,36135616512,32.7,34062,67118,1836843520,1702812672,48,59,19001765,40165496,0,86826488,20.9
5601742848,2987720704,5601742848,0,2013265920,0.0,17562800128,36122189824,32.7,34064,67482,1836937728,1709239808,48,60,19185926,40558407,0,87511252,18.3
5671608320,2917855232,5671608320,0,2013265920,0.0,17558835200,36126154752,32.7,34066,67999,1836971008,1713649152,48,60,19292462,40907002,0,88043966,8.4
5698961408,2890502144,5698961408,0,2013265920,0.0,17566183424,36118806528,32.7,34068,68185,1836987392,1717251072,48,60,19407547,41255122,0,88641941,7.7
5731028992,2858434560,5731028992,0,2013265920,0.0,17566507008,36118482944,32.7,34068,68350,1836987392,1718817280,48,60,19468331,41602232,0,88859704,5.2
5595267072,2994196480,5595267072,0,2013265920,0.0,17568919552,36116070400,32.7,34070,68771,1837007872,1724438528,48,61,19565549,41851572,0,89260295,24.7
5454270464,3135193088,5454270464,0,2013265920,0.0,17588011008,36096978944,32.8,34079,69260,1837270016,1736008704,48,61,19685203,42147520,0,89683094,22.3
5288185856,3301277696,5288185856,0,2013265920,0.0,17593356288,36091633664,32.8,34086,69756,1837458432,1748206592,48,61,19803906,42540347,0,90094890,11.6
5139226624,3450236928,5139226624,0,2013265920,0.0,17605804032,36079185920,32.8,34088,70128,1837474816,1758652416,48,62,19965088,42923609,0,90770251,18.1
5187264512,3402199040,5187264512,0,2013265920,0.0,17605939200,36079050752,32.8,34090,70440,1837491200,1761153536,48,62,20124901,43289349,0,91338842,16.7
5168717824,3420745728,5168717824,0,2013265920,0.0,17620451328,36064538624,32.8,34092,70784,1837507584,1766858240,48,62,20276529,43611187,0,91897174,14.8
5165457408,3424006144,5165457408,0,2013265920,0.0,17622450176,36062539776,32.8,34092,71020,1837507584,1771045376,48,62,20396622,43964122,0,92319965,8.3
5189423104,3400040448,5189423104,0,2013265920,0.0,17623171072,36061818880,32.8,34097,71308,1837589504,1773876736,48,62,20593941,44395111,0,93077032,12.7
5970653184,2618810368,5970653184,0,2013265920,0.0,17551151104,36133838848,32.7,34100,71970,1837683712,1781349376,48,63,20779002,44768309,0,94039177,13.6
6004797440,2584666112,6004797440,0,2013265920,0.0,17548611584,36136378368,32.7,34100,72478,1837683712,1788459008,48,63,20863631,44936674,0,94558998,2.5
6022623232,2566840320,6022623232,0,2013265920,0.0,17562701824,36122288128,32.7,34100,72629,1837683712,1792695808,48,63,20913016,45086201,0,94909258,1.3
5656604672,2932858880,5656604672,0,2013265920,0.0,17567252480,36117737472,32.7,34130,73130,1838363648,1803672576,48,64,21017483,45336650,0,95291485,9.4
5735608320,2853855232,5735608320,0,2013265920,0.0,17569251328,36115738624,32.7,34185,73447,1843142144,1809352704,48,64,21184480,45717075,0,96008868,9.8
5571674112,3017789440,5571674112,0,2013265920,0.0,17571856384,36113133568,32.7,34186,73893,1843174912,1814839808,48,64,21348216,46104739,0,96561282,17.4
5973516288,2615947264,5973516288,0,2013265920,0.0,17554608128,36130381824,32.7,34189,74609,1843269120,1824627200,48,65,21565680,46469390,0,97620941,20.2
5982580736,2606882816,5982580736,0,2013265920,0.0,17551720448,36133269504,32.7,34191,75065,1843285504,1830900224,48,65,21624235,46626314,0,97960307,1.8
5994536960,2594926592,5994536960,0,2013265920,0.0,17564246016,36120743936,32.7,34191,75231,1843285504,1834946048,48,65,21697367,46787907,0,98451439,2.2
6008680448,2580783104,6008680448,0,2013265920,0.0,17564106752,36120883200,32.7,34191,75332,1843285504,1836985856,48,65,21773448,46948087,0,98893495,1.8
5944754176,2644709376,5944754176,0,2013265920,0.0,17565204480,36119785472,32.7,34191,75731,1843285504,1841491968,48,66,21854102,47128081,0,99374582,5.0
5958795264,2630668288,5958795264,0,2013265920,0.0,17565442048,36119547904,32.7,34191,75838,1843285504,1842996224,48,66,21940470,47295189,0,99793507,1.7
5975076864,2614386688,5975076864,0,2013265920,0.0,17565757440,36119232512,32.7,34191,76053,1843285504,1845334528,48,66,22049107,47472203,0,100315587,2.4
5975113728,2614349824,5975113728,0,2013265920,0.0,17561944064,36123045888,32.7,34193,76270,1843301888,1847446528,48,66,22157076,47648934,0,100866320,2.3
5948313600,2641149952,5948313600,0,2013265920,0.0,17562177536,36122812416,32.7,34197,76417,1843334656,1848849408,48,66,22243559,47812010,0,101387203,1.8
5960237056,2629226496,5960237056,0,2013265920,0.0,17562107904,36122882048,32.7,34201,76634,1843367424,1851238912,48,66,22364013,47991756,0,102049120,2.3
5789442048,2800021504,5789442048,0,2013265920,0.0,17563979776,36121010176,32.7,34212,76909,1843604992,1854882304,48,66,22474074,48206055,0,102612039,10.0
5788241920,2801221632,5788241920,0,2013265920,0.0,17564385280,36120604672,32.7,34214,77247,1843621376,1858633216,48,67,22631878,48595272,0,103196217,19.4
5803900928,2785562624,5803900928,0,2013265920,0.0,17564721152,36120268800,32.7,34216,77450,1843637760,1860792832,48,67,22819316,48964006,0,103932269,18.7
5573099520,3016364032,5573099520,0,2013265920,0.0,17566892032,36118097920,32.7,34217,77910,1843670528,1866502656,48,67,22988849,49351905,0,104634869,19.2
5604597760,2984865792,5604597760,0,2013265920,0.0,17570680832,36114309120,32.7,34220,78185,1843699200,1871191552,48,67,23091663,49710627,0,105065903,9.9
5969424384,2620039168,5969424384,0,2013265920,0.0,17555775488,36129214464,32.7,34225,78953,1843809792,1880395776,48,68,23291314,50033586,0,106278359,12.7
6001000448,2588463104,6001000448,0,2013265920,0.0,17553240064,36131749888,32.7,34227,79383,1843826176,1884914688,48,68,23390945,50206021,0,106904564,2.5
6025691136,2563772416,6025691136,0,2013265920,0.0,17560723456,36124266496,32.7,34229,79522,1843842560,1889142272,48,68,23464897,50364146,0,107321538,1.4
6038032384,2551431168,6038032384,0,2013265920,0.0,17561051136,36123938816,32.7,34233,79676,1843875328,1891409920,48,68,23571418,50537668,0,107945599,2.4
6028947456,2560516096,6028947456,0,2013265920,0.0,17561399296,36123590656,32.7,34233,79807,1843875328,1892683264,48,68,23641655,50697317,0,108394171,2.0
6014779392,2574684160,6014779392,0,2013265920,0.0,17561595904,36123394048,32.7,34235,79898,1843891712,1893895168,48,68,23720284,50858768,0,108872202,1.6
6039199744,2550263808,6039199744,0,2013265920,0.0,17561399296,36123590656,32.7,34237,80056,1843908096,1895282688,48,68,23789530,51015222,0,109269232,1.3
5809217536,2780246016,5809217536,0,2013265920,0.0,17563336704,36121653248,32.7,34239,80526,1843957248,1900976640,48,69,23881085,51363121,0,109713129,8.9
5618987008,2970476544,5618987008,0,2013265920,0.0,17564758016,36120231936,32.7,34241,80718,1843973632,1903055360,48,69,23984270,51721750,0,110243128,9.2
5669978112,2919485440,5669978112,0,2013265920,0.0,17565736960,36119252992,32.7,34241,81078,1843973632,1909773312,48,69,24149632,52077227,0,110808242,18.0
5702389760,2887073792,5702389760,0,2013265920,0.0,17575751680,36109238272,32.7,34241,81291,1843973632,1915461632,48,69,24317742,52467349,0,111196131,19.3
5667188736,2922274816,5667188736,0,2013265920,0.0,17576140800,36108849152,32.7,34241,81455,1843973632,1917298688,48,70,24512498,52842136,0,111963070,19.3
5549125632,3040337920,5549125632,0,2013265920,0.0,17577455616,36107534336,32.7,34241,81831,1843973632,1921935872,48,70,24702244,53231832,0,112635202,21.9
5969432576,2620030976,5969432576,0,2013265920,0.0,17559494656,36125495296,32.7,34246,82704,1844059648,1933275648,48,71,24848571,53431155,0,113634689,6.7
6003507200,2585956352,6003507200,0,2013265920,0.0,17558528000,36126461952,32.7,34246,83284,1844059648,1940016640,48,71,24921356,53594088,0,114059648,2.0
5996285952,2593177600,5996285952,0,2013265920,0.0,17558794240,36126195712,32.7,34248,83545,1844076032,1942159872,48,71,25008583,53760594,0,114617918,2.2
5968093184,2621370368,5968093184,0,2013265920,0.0,17559207936,36125782016,32.7,34330,83915,1845757440,1945597440,48,71,25137856,53946336,0,115467618,3.7
6021025792,2568437760,6021025792,0,2013265920,0.0,17559142400,36125847552,32.7,34330,84111,1845757440,1947291136,48,71,25205835,54104268,0,115854694,1.3
6001721344,2587742208,6001721344,0,2013265920,0.0,17559330816,36125659136,32.7,34336,84339,1845791232,1949458944,48,71,25284548,54264053,0,116348603,1.9
6015627264,2573836288,6015627264,0,2013265920,0.0,17559601152,36125388800,32.7,34336,84578,1845791232,1951504384,48,71,25372036,54432491,0,116923762,1.8
6024908800,2564554752,6024908800,0,2013265920,0.0,17559957504,36125032448,32.7,34336,84680,1845791232,1952579072,48,72,25444862,54592001,0,117362528,1.5
5789138944,2800324608,5789138944,0,2013265920,0.0,17559719936,36125270016,32.7,34336,85207,1845791232,1959946240,48,72,25621842,54949843,0,117999352,21.6
5774000128,2815463424,5774000128,0,2013265920,0.0,17560014848,36124975104,32.7,34336,85401,1845791232,1961861632,48,72,25770692,55342398,0,118327784,18.6
5646929920,2942533632,5646929920,0,2013265920,0.0,17562210304,36122779648,32.7,34336,85788,1845791232,1966375424,48,72,25933244,55732544,0,118804387,22.3
5547642880,3041820672,5547642880,0,2013265920,0.0,17567629312,36117360640,32.7,34336,86232,1845791232,1972920832,48,73,26114166,56106792,0,119406724,19.7
5525344256,3064119296,5525344256,0,2013265920,0.0,17573945344,36111044608,32.7,34338,86498,1845807616,1977204224,48,73,26335193,56489065,0,120220003,15.0
5535047680,3054415872,5535047680,0,2013265920,0.0,17573965824,36111024128,32.7,34338,86645,1845807616,1979106304,48,73,26510082,56893115,0,120635782,15.0
5498179584,3091283968,5498179584,0,2013265920,0.0,17574092800,36110897152,32.7,34339,86913,1845840384,1981243904,48,73,26638094,57208390,0,121008464,10.3
5484728320,3104735232,5484728320,0,2013265920,0.0,17574125568,36110864384,32.7,34339,87155,1845840384,1983319552,48,73,26804449,57600610,0,121440430,15.5
5517217792,3072245760,5517217792,0,2013265920,0.0,17574391808,36110598144,32.7,34341,87340,1845856768,1985170432,48,73,26981760,57997989,0,121999207,16.0
5500231680,3089231872,5500231680,0,2013265920,0.0,17574686720,36110303232,32.7,34341,87480,1845856768,1986948608,48,73,27170005,58382766,0,122608105,15.4
5502865408,3086598144,5502865408,0,2013265920,0.0,17574547456,36110442496,32.7,34341,87603,1845856768,1988483584,48,73,27351567,58770737,0,123188974,14.7
5503598592,3085864960,5503598592,0,2013265920,0.0,17574879232,36110110720,32.7,34341,87708,1845856768,1989622272,48,73,27562478,59182186,0,123919828,17.0
5535223808,3054239744,5535223808,0,2013265920,0.0,17575006208,36109983744,32.7,34341,87827,1845856768,1990989824,48,74,27726908,59542350,0,124397669,13.4
5517094912,3072368640,5517094912,0,2013265920,0.0,17575243776,36109746176,32.7,34343,88015,1845873152,1992865280,48,74,27901457,59940434,0,124923069,15.6
5482344448,3107119104,5482344448,0,2013265920,0.0,17576030208,36108959744,32.7,34343,88148,1845873152,1994391040,48,74,28129318,60309036,0,125965427,14.5
5383692288,3205771264,5383692288,0,2013265920,0.0,17579286528,36105703424,32.7,34343,88474,1845873152,1999699456,48,74,28333642,60657710,0,126710243,18.2
5363228672,3226234880,5363228672,0,2013265920,0.0,17579360256,36105629696,32.7,34343,88679,1845873152,2002554880,48,74,28508206,61049258,0,127180253,16.8
5193990144,3395473408,5193990144,0,2013265920,0.0,17580400640,36104589312,32.7,34344,89037,1845905920,2005958144,48,74,28630214,61419971,0,127615794,10.8
5066760192,3522703360,5066760192,0,2013265920,0.0,17578639360,36106350592,32.7,34344,89492,1845905920,2012640256,48,75,28769732,61769444,0,128183076,9.4
5122957312,3466506240,5122957312,0,2013265920,0.0,17579593728,36105396224,32.7,34344,89782,1845905920,2015630848,48,75,28909882,62125792,0,128696652,12.6
5120315392,3469148160,5120315392,0,2013265920,0.0,17597734912,36087255040,32.8,34346,90041,1845922304,2020734976,48,75,29049242,62506689,0,129301337,9.5
5875777536,2713686016,5875777536,0,2013265920,0.0,17553739776,36131250176,32.7,34346,90748,1845922304,2028953600,48,76,29240761,62892613,0,130312635,16.6
5675044864,2914418688,5675044864,0,2013265920,0.0,17553539072,36131450880,32.7,34354,91698,1846155776,2041938944,48,77,29388984,63227196,0,131083838,9.7
5593341952,2996121600,5593341952,0,2013265920,0.0,17561595904,36123394048,32.7,34355,92207,1846188544,2052437504,48,77,29521874,63553562,0,131603060,16.0
5607645184,2981818368,5607645184,0,2013265920,0.0,17568079872,36116910080,32.7,34356,92457,1846192640,2055617536,48,77,29608561,63720980,0,131999140,2.3
5592018944,2997444608,5592018944,0,2013265920,0.0,17570828288,36114161664,32.7,34356,92617,1846192640,2062215168,48,77,29722546,63988396,0,132338190,10.3
5614514176,2974949376,5614514176,0,2013265920,0.0,17571377152,36113612800,32.7,34358,92765,1846209024,2063733760,48,77,29938709,64386480,0,133104075,20.5
5617737728,2971725824,5617737728,0,2013265920,0.0,17571508224,36113481728,32.7,34358,92907,1846209024,2065314304,48,77,30046656,64584801,0,133552516,4.9
5611077632,2978385920,5611077632,0,2013265920,0.0,17571872768,36113117184,32.7,34358,93009,1846209024,2066744320,48,77,30195334,64908605,0,134011830,14.2
5375987712,3213475840,5375987712,0,2013265920,0.0,17572573184,36112416768,32.7,34360,93284,1846225408,2069752832,48,78,30350989,65224678,0,134637790,13.5
5429678080,3159785472,5429678080,0,2013265920,0.0,17572790272,36112199680,32.7,34362,93565,1846241792,2072067584,48,78,30454669,65581879,0,135120104,6.7
5200736256,3388727296,5200736256,0,2013265920,0.0,17577406464,36107583488,32.7,34390,94011,1847069184,2081796608,48,78,30573401,65899641,0,135607677,64.1
5244293120,3345170432,5244293120,0,2013265920,0.0,17577603072,36107386880,32.7,34447,94388,1848533504,2087567872,48,78,30706889,66289405,0,136310827,10.5
5868691456,2720772096,5868691456,0,2013265920,0.0,17561051136,36123938816,32.7,34452,95276,1848619520,2099159552,48,79,30848975,66520547,0,137223359,8.3
5645561856,2943901696,5645561856,0,2013265920,0.0,17570947072,36114042880,32.7,34459,95664,1848848896,2105568256,48,79,30961556,66732697,0,137830978,7.0
5684789248,2904674304,5684789248,0,2013265920,0.0,17570734080,36114255872,32.7,34459,96008,1848848896,2111331328,48,80,31139442,67132296,0,138459573,14.5
5467901952,3121561600,5467901952,0,2013265920,0.0,17575493632,36109496320,32.7,34487,96586,1849557504,2123175936,48,80,31311499,67551571,0,139061769,17.1
6229463040,2360000512,6229463040,0,2013265920,0.0,26640666624,27044323328,49.6,31888,14335,1389889024,274343936,59,33,1157034,977565,0,19432218,55.8
6176706560,2412756992,6176706560,0,2013265920,0.0,26641190912,27043799040,49.6,33342,14788,1439285248,281967104,60,33,1264910,1093198,0,20225795,7.3
6206611456,2382852096,6206611456,0,2013265920,0.0,26641154048,27043835904,49.6,33392,15024,1440649728,284453376,60,33,1306204,1175918,0,20730473,2.6
6111109120,2478354432,6111109120,0,2013265920,0.0,26643873792,27041116160,49.6,34178,15437,1460931584,291062784,61,34,1357249,1271866,0,20985059,5.3
6116204544,2473259008,6116204544,0,2013265920,0.0,26644119552,27040870400,49.6,34413,15653,1469037056,292935680,61,34,1399658,1354960,0,21392232,2.8
5917528064,2671935488,5917528064,0,2013265920,0.0,26645966848,27039023104,49.6,35089,16743,1482625024,310622208,62,35,1481075,1504200,0,21739356,14.1
5920030720,2669432832,5920030720,0,2013265920,0.0,26651508736,27033481216,49.6,35276,17180,1488026624,325341696,62,35,1625219,1722214,0,22403978,11.4
5956603904,2632859648,5956603904,0,2013265920,0.0,26651131904,27033858048,49.6,35314,17293,1488628224,327235072,62,35,1720156,1927169,0,22665385,6.1
5921890304,2667573248,5921890304,0,2013265920,0.0,26652655616,27032334336,49.6,38785,17566,1624349696,332140544,64,36,1805389,2055086,0,23250252,9.8
5937803264,2651660288,5937803264,0,2013265920,0.0,26652844032,27032145920,49.6,38806,17839,1625347584,334620672,64,36,1858587,2145686,0,23586073,2.3
5940494336,2648969216,5940494336,0,2013265920,0.0,26655203328,27029786624,49.7,38817,17981,1625641472,339042816,64,36,1892956,2222129,0,23973751,2.0
5543256064,3046207488,5543256064,0,2013265920,0.0,26689556480,26995433472,49.7,40803,20044,1720102400,367680000,68,40,2141351,2419248,0,26342605,42.3
5554675712,3034787840,5554675712,0,2013265920,0.0,26690998272,26993991680,49.7,40816,20505,1720223232,388100096,68,40,2222165,2525470,0,26766107,3.6
5547163648,3042299904,5547163648,0,2013265920,0.0,26696187904,26988802048,49.7,40822,20811,1720380416,391232000,68,40,2292267,2624465,0,27105324,4.5
5545156608,3044306944,5545156608,0,2013265920,0.0,26696343552,26988646400,49.7,40874,21063,1721483264,392996352,68,41,2371787,2726770,0,27487294,3.1
5553373184,3036090368,5553373184,0,2013265920,0.0,26696343552,26988646400,49.7,40874,21134,1721483264,393667584,68,41,2386130,2797086,0,27560768,0.1
5557153792,3032309760,5557153792,0,2013265920,0.0,26696491008,26988498944,49.7,40882,21236,1721675776,396026880,68,41,2409261,2871587,0,27665902,0.8
5568561152,3020902400,5568561152,0,2013265920,0.0,26698588160,26986401792,49.7,41948,22657,1973755904,738226688,69,42,2560506,3004273,0,28872023,20.3
5594894336,2994569216,5594894336,0,2013265920,0.0,26698747904,26986242048,49.7,41948,22781,1973755904,740605952,69,42,2634276,3102101,0,29194778,2.9
5585911808,3003551744,5585911808,0,2013265920,0.0,26698989568,26986000384,49.7,45344,23056,2142212608,743115776,71,42,2712789,3188302,0,29817516,14.5
5603983360,2985480192,5603983360,0,2013265920,0.0,26699063296,26985926656,49.7,45345,23176,2142245376,743993856,71,42,2731474,3260960,0,29901821,0.1
5594775552,2994688000,5594775552,0,2013265920,0.0,26699083776,26985906176,49.7,45349,23302,2142306304,745526784,71,42,2808259,3359331,0,30360567,3.4
5605666816,2983796736,5605666816,0,2013265920,0.0,26699104256,26985885696,49.7,45351,23456,2142317056,746846720,71,42,2835057,3435405,0,30538487,0.7
5608562688,2980900864,5608562688,0,2013265920,0.0,26699104256,26985885696,49.7,45351,23488,2142317056,747225088,71,42,2850912,3505329,0,30609451,0.0
5620498432,2968965120,5620498432,0,2013265920,0.0,26699104256,26985885696,49.7,45351,23511,2142317056,747560960,71,42,2868108,3576357,0,30677491,0.0
5635424256,2954039296,5635424256,0,2013265920,0.0,26699034624,26985955328,49.7,45351,23544,2142317056,748079104,71,43,2884266,3646530,0,30754300,0.1
5598994432,2990469120,5598994432,0,2013265920,0.0,26699411456,26985578496,49.7,45627,23851,2153091072,751698432,72,43,2927251,3731201,0,31291834,3.8
5557673984,3031789568,5557673984,0,2013265920,0.0,26700754944,26984235008,49.7,46270,24055,2172176896,754609152,72,43,2962871,3808845,0,31741376,3.3
5420597248,3168866304,5420597248,0,2013265920,0.0,26753499136,26931490816,49.8,48124,26094,2229960192,801491968,74,51,3066117,3891215,0,32841141,28.5
5459185664,3130277888,5459185664,0,2013265920,0.0,26787725312,26897264640,49.9,48794,26274,2253704192,845515264,75,51,3137871,3970350,0,33504706,20.5
5532770304,3056693248,5532770304,0,2013265920,0.0,26740940800,26944049152,49.8,49601,26548,2283544064,901810176,76,51,3211994,4059648,0,34022560,27.0
5560455168,3029008384,5560455168,0,2013265920,0.0,26690256896,26994733056,49.7,49837,26741,2286785024,913492480,76,51,3296450,4173516,0,34896692,15.8
5597560832,2991902720,5597560832,0,2013265920,0.0,26690256896,26994733056,49.7,49848,26850,2287110656,914757632,76,51,3309842,4242982,0,34960639,0.7
5603016704,2986446848,5603016704,0,2013265920,0.0,26685431808,26999558144,49.7,49848,26918,2287110656,915357696,76,51,3321846,4311423,0,34997681,0.1
5599301632,2990161920,5599301632,0,2013265920,0.0,26685431808,26999558144,49.7,49848,26937,2287110656,915599360,76,51,3336227,4380483,0,35129562,1.1
5601816576,2987646976,5601816576,0,2013265920,0.0,26685431808,26999558144,49.7,49848,26966,2287110656,915957760,76,51,3348000,4448801,0,35160981,0.0
5602705408,2986758144,5602705408,0,2013265920,0.0,26685431808,26999558144,49.7,49848,27002,2287110656,917327360,76,51,3360128,4516897,0,35205257,0.0
5654822912,2934640640,5654822912,0,2013265920,0.0,26688077824,26996912128,49.7,49850,27174,2287176192,918994432,76,52,3392868,4595235,0,35663216,3.5
5649293312,2940170240,5649293312,0,2013265920,0.0,26688147456,26996842496,49.7,49850,27306,2287176192,920392192,76,52,3446489,4687517,0,35966368,2.5
5656174592,2933288960,5656174592,0,2013265920,0.0,26678837248,27006152704,49.7,49892,27431,2288175616,921600512,76,52,3462793,4758489,0,36015231,0.3
5657083904,2932379648,5657083904,0,2013265920,0.0,26678837248,27006152704,49.7,49892,27470,2288175616,921991680,76,52,3469119,4823683,0,36041126,0.1
5659549696,2929913856,5659549696,0,2013265920,0.0,26678837248,27006152704,49.7,49892,27498,2288175616,922399744,76,52,3475711,4889201,0,36074085,0.0
5660557312,2928906240,5660557312,0,2013265920,0.0,26678960128,27006029824,49.7,49892,27517,2288175616,922607104,76,52,3481915,4954162,0,36099047,0.0
5586657280,3002806272,5586657280,0,2013265920,0.0,26679001088,27005988864,49.7,49943,27702,2297583616,926348800,76,52,3588636,5069574,0,36775619,8.0
5592883200,2996580352,5592883200,0,2013265920,0.0,26678980608,27006009344,49.7,49944,27894,2297608192,928418304,76,52,3657117,5162609,0,37144058,2.6
5597536256,2991927296,5597536256,0,2013265920,0.0,26679562240,27005427712,49.7,49945,28016,2297632768,929740288,76,52,3723507,5257082,0,37472971,2.1
6405586944,2183876608,6405586944,0,2013265920,0.0,14481006592,39203983360,27.0,15635,6132,759954944,115746304,18,10,682813,836859,0,7436592,28.4
6146093056,2443370496,6146093056,0,2013265920,0.0,14515470336,39169519616,27.0,17325,7382,798815232,166945280,19,11,929871,1216888,0,8598208,17.1
5987340288,2602123264,5987340288,0,2013265920,0.0,14552170496,39132819456,27.1,18261,8866,820252160,205373952,20,12,1133797,1602380,0,9444521,26.9
5984391168,2605072384,5984391168,0,2013265920,0.0,14552977408,39132012544,27.1,18335,9398,822265344,213233664,20,13,1302058,1989757,0,9976298,24.8
6043209728,2546253824,6043209728,0,2013265920,0.0,14554198016,39130791936,27.1,19409,9667,864166400,215527424,21,13,1458636,2380452,0,10391964,24.0
6286766080,2302697472,6286766080,0,2013265920,0.0,14541463552,39143526400,27.1,19485,10921,866082304,236610048,21,13,1652658,2643103,0,11411887,13.4
6113849344,2475614208,6113849344,0,2013265920,0.0,14546505728,39138484224,27.1,19489,11530,866188800,244753920,21,14,1795484,2916107,0,11902068,8.7
6091075584,2498387968,6091075584,0,2013265920,0.0,14547296256,39137693696,27.1,19838,11958,883860480,249524736,22,14,1884249,3119703,0,12262539,6.0
5927104512,2662359040,5927104512,0,2013265920,0.0,14558461952,39126528000,27.1,19852,12438,884105728,257840640,22,15,2115073,3492834,0,12990686,16.4
5636681728,2952781824,5636681728,0,2013265920,0.0,14560641024,39124348928,27.1,20010,13131,896332800,270183424,22,15,2328723,3880160,0,13673591,24.9
5702287360,2887176192,5702287360,0,2013265920,0.0,14570016768,39114973184,27.1,20013,13514,896424448,274919936,22,15,2493858,4298708,0,14093186,13.9
6204854272,2384609280,6204854272,0,2013265920,0.0,14545891328,39139098624,27.1,20384,14801,906904064,307852288,22,16,2781184,4733704,0,15417276,22.4
5987467264,2601996288,5987467264,0,2013265920,0.0,14544547840,39140442112,27.1,20389,15505,906990080,316931584,23,17,2887209,5047564,0,15894978,7.5
6009331712,2580131840,6009331712,0,2013265920,0.0,14551629824,39133360128,27.1,20407,15849,907385856,322241024,23,17,3031043,5440460,0,16503144,6.9
5927321600,2662141952,5927321600,0,2013265920,0.0,14552670208,39132319744,27.1,21174,16325,916505088,327454720,23,18,3113256,5656417,0,16923292,4.4
5965553664,2623909888,5965553664,0,2013265920,0.0,14562467840,39122522112,27.1,21175,16463,916537856,329747456,23,18,3157518,5806061,0,17147119,1.2
5761581056,2827882496,5761581056,0,2013265920,0.0,14571741184,39113248768,27.1,21379,17034,921070592,350998016,23,18,3283400,6123844,0,17622909,13.7
6153990144,2435473408,6153990144,0,2013265920,0.0,14565679104,39119310848,27.1,21734,18249,922131456,366652416,24,19,3524482,6536349,0,18813749,24.3
6188605440,2400858112,6188605440,0,2013265920,0.0,14562619392,39122370560,27.1,21734,18970,922131456,384407552,24,20,3612434,6709102,0,19272315,2.1
5979668480,2609795072,5979668480,0,2013265920,0.0,14589841408,39095148544,27.2,21827,19849,923140608,411605504,24,20,3740464,7045215,0,19775600,10.2
6130585600,2458877952,6130585600,0,2013265920,0.0,14577152000,39107837952,27.2,21857,20669,923383808,420825600,24,21,3978317,7437433,0,20975735,12.0
5925470208,2663993344,5925470208,0,2013265920,0.0,14578393088,39106596864,27.2,21859,21354,923384832,429262336,24,22,4156691,7747700,0,21585303,8.7
5947052032,2642411520,5947052032,0,2013265920,0.0,14585692160,39099297792,27.2,21859,21589,923384832,434000384,24,22,4228360,8105194,0,21861529,6.0
5923856384,2665607168,5923856384,0,2013265920,0.0,14585999360,39098990592,27.2,21859,21799,923384832,436704256,24,22,4299981,8416386,0,22145768,5.5
5924007936,2665455616,5924007936,0,2013265920,0.0,14586302464,39098687488,27.2,21860,22087,923385856,439246848,24,22,4379336,8588408,0,22514943,2.1
5589241856,3000221696,5589241856,0,2013265920,0.0,15092420608,38592569344,28.1,24005,25618,1013814784,963332608,27,32,4674932,8952145,0,25748658,52.9
4924342272,3665121280,4924342272,0,2013265920,0.0,15985156096,37699833856,29.8,39739,37864,1902418432,2343697408,45,71,5123406,9372394,0,29903399,64.6
5397823488,3191640064,5397823488,0,2013265920,0.0,16184049664,37500940288,30.1,48431,42381,1951702016,3132756992,50,84,5402018,9656043,0,32052965,26.9
5662404608,2927058944,5662404608,0,2013265920,0.0,17233272832,36451717120,32.1,49229,45391,1965007360,4228088832,51,89,5679906,9923540,0,35184487,37.3
5715636224,2873827328,5715636224,1654784,2011611136,0.1,17285218304,36399771648,32.2,50608,53101,1977445888,4362071552,51,97,5965555,10189763,0,36782296,13.6
5733724160,2855739392,5733724160,1654784,2011611136,0.1,17295896576,36389093376,32.2,50610,53319,1977511424,4367002624,51,97,6114296,10389478,0,37350280,3.1
5846491136,2742972416,5846491136,1654784,2011611136,0.1,17288404992,36396584960,32.2,50616,53734,1977602048,4372008960,51,97,6190603,10549782,0,37697106,2.0
5612474368,2976989184,5612474368,1654784,2011611136,0.1,17291788288,36393201664,32.2,50667,54244,1977682432,4380251648,51,97,6374489,10928624,0,38371942,27.7
5771239424,2818224128,5771239424,1654784,2011611136,0.1,17284669440,36400320512,32.2,50691,55481,1977929728,4412212224,51,98,6536043,11144340,0,39586071,9.3
5792980992,2796482560,5792980992,1654784,2011611136,0.1,17288507392,36396482560,32.2,50704,55859,1978137600,4423116800,51,98,6834506,11416606,0,40507977,4.6
5605822464,2983641088,5605822464,10985472,2002280448,0.5,17302073344,36382916608,32.2,50749,56456,1978188800,4445571072,51,99,6956812,11736549,0,40950204,10.0
5825765376,2763698176,5825765376,10985472,2002280448,0.5,17292779520,36392210432,32.2,50755,57326,1978191872,4455747584,51,100,7110742,12028239,0,41744780,9.3
5747814400,2841649152,5747814400,10985472,2002280448,0.5,17293012992,36391976960,32.2,50755,57831,1978191872,4463036928,51,100,7183917,12199986,0,42089611,3.8
5800796160,2788667392,5800796160,10985472,2002280448,0.5,17290616832,36394373120,32.2,50831,58742,1979194880,4475370496,51,101,7373039,12418683,0,43152517,6.9
5733138432,2856325120,5733138432,10985472,2002280448,0.5,17296265216,36388724736,32.2,50831,59204,1979194880,4481930752,51,101,7444042,12587445,0,43504667,2.8
5745905664,2843557888,5745905664,10985472,2002280448,0.5,17296715776,36388274176,32.2,50833,59419,1979211264,4486356480,51,101,7549797,12758703,0,44014301,3.5
5790552064,2798911488,5790552064,10985472,2002280448,0.5,17293025280,36391964672,32.2,50837,60096,1979213312,4495001600,51,102,7651208,12912129,0,44668700,5.8
6306861056,2282602496,6306861056,0,2013265920,0.0,14486708224,39198281728,27.0,16066,6201,769085952,121140224,21,,,,,,
6267998208,2321465344,6267998208,0,2013265920,0.0,14486892544,39198097408,27.0,16914,6654,785004544,125298176,21,,,,,,
6269763584,2319699968,6269763584,0,2013265920,0.0,14486958080,39198031872,27.0,16977,7046,786255872,130427904,21,,,,,,
6036119552,2553344000,6036119552,0,2013265920,0.0,14497116160,39187873792,27.0,17466,7865,805116928,152274432,22,,,,,,
6000660480,2588803072,6000660480,0,2013265920,0.0,14497316864,39187673088,27.0,18991,8364,855114240,158018048,23,,,,,,
5966233600,2623229952,5966233600,0,2013265920,0.0,14499307520,39185682432,27.0,19333,8810,867951616,162000384,24,,,,,,
5839925248,2749538304,5839925248,0,2013265920,0.0,14479560704,39205429248,27.0,19466,10183,870676480,183756288,24,,,,,,
5869559808,2719903744,5869559808,0,2013265920,0.0,14482751488,39202238464,27.0,19520,10932,872052736,208666112,24,,,,,,
5834366976,2755096576,5834366976,0,2013265920,0.0,14487277568,39197712384,27.0,20844,11346,1008260608,214158848,25,,,,,,
5845856256,2743607296,5845856256,0,2013265920,0.0,14487351296,39197638656,27.0,20852,11585,1008380416,217584640,25,,,,,,
5807362048,2782101504,5807362048,0,2013265920,0.0,14487691264,39197298688,27.0,21139,11908,1016576512,220441600,25,,,,,,
5786800128,2802663424,5786800128,0,2013265920,0.0,14491365376,39193624576,27.0,21499,12141,1027173888,225607168,25,,,,,,
5806825472,2782638080,5806825472,0,2013265920,0.0,14491430912,39193559040,27.0,21499,12455,1027173888,227888128,25,,,,,,
6107418624,2482044928,6107418624,0,2013265920,0.0,14478917632,39206072320,27.0,22032,13178,1038669824,234710528,26,,,,,,
6083465216,2505998336,6083465216,0,2013265920,0.0,14501597184,39183392768,27.0,22094,14369,1040464384,274439680,26,,,,,,
6140354560,2449108992,6140354560,0,2013265920,0.0,14509953024,39175036928,27.0,22122,14705,1041078784,279728640,26,,,,,,
5870706688,2718756864,5870706688,0,2013265920,0.0,14548971520,39136018432,27.1,22408,15429,1045806080,325359104,26,,,,,,
5882359808,2707103744,5882359808,0,2013265920,0.0,14549233664,39135756288,27.1,22408,15713,1045806080,327423488,26,,,,,,
5892317184,2697146368,5892317184,0,2013265920,0.0,14562549760,39122440192,27.1,22408,15880,1045806080,330706432,26,,,,,,
5892071424,2697392128,5892071424,0,2013265920,0.0,14562775040,39122214912,27.1,22448,16003,1047075840,334393856,26,,,,,,
5942480896,2646982656,5942480896,0,2013265920,0.0,15270952960,38414036992,28.4,28227,27989,1302137856,1188715008,37,,,,,,
5662900224,2926563328,5662900224,0,2013265920,0.0,15976767488,37708222464,29.8,43026,36010,2035757056,2855117824,53,,,,,,
5692538880,2896924672,5692538880,0,2013265920,0.0,17198305280,36486684672,32.0,43768,39296,2048738304,4113198592,54,,,,,,
5377720320,3211743232,5377720320,0,2013265920,0.0,17261178880,36423811072,32.2,45302,47417,2061648384,4267530752,54,,,,,,
5448892416,3140571136,5448892416,3776512,2009489408,0.2,17272709120,36412280832,32.2,45314,47982,2061746176,4281585664,54,,,,,,
5776691200,2812772352,5776691200,2068479,2011197441,0.1,17257631744,36427358208,32.1,45607,49488,2063289856,4300256768,55,,,,,,
5514043392,3075420160,5514043392,2068479,2011197441,0.1,17258061824,36426928128,32.1,45709,50396,2071759872,4349079552,55,,,,,,
5385068544,3204395008,5385068544,2068479,2011197441,0.1,17273237504,36411752448,32.2,45761,51554,2071901184,4390011392,55,,,,,,
5410451456,3179012096,5410451456,2068479,2011197441,0.1,17271410688,36413579264,32.2,45811,51887,2072821760,4395597824,55,,,,,,
5805723648,2783739904,5805723648,26238976,1987026944,1.3,17262907392,36422082560,32.2,45824,52551,2072836096,4429175296,55,,,,,,
5535346688,3054116864,5535346688,26238976,1987026944,1.3,17266270208,36418719744,32.2,45865,53265,2072885248,4441621504,55,,,,,,
5586812928,3002650624,5586812928,26238976,1987026944,1.3,17281208320,36403781632,32.2,45867,53726,2072938496,4452008448,55,,,,,,
5581443072,3008020480,5581443072,26238976,1987026944,1.3,17281040384,36403949568,32.2,45867,53871,2072938496,4454193152,55,,,,,,
5586751488,3002712064,5586751488,26238976,1987026944,1.3,17281331200,36403658752,32.2,45869,54053,2072954880,4455767552,55,,,,,,
5468426240,3121037312,5468426240,26107904,1987158016,1.3,17288830976,36396158976,32.2,46091,54505,2075142144,4462742016,56,,,,,,
5786636288,2802827264,5786636288,26107904,1987158016,1.3,17277509632,36407480320,32.2,46130,55355,2075162112,4474403328,56,,,,,,
5554294784,3035168768,5554294784,26107904,1987158016,1.3,17279938560,36405051392,32.2,46186,56301,2075368960,4497404416,56,,,,,,